episode,loss_total,loss_phi(policy),loss_V(value),R,MAE_kW
1,79.22477722167969,6.340820982586592e-05,79.22471618652344,-27.370288848876953,37.19370910319358
2,69.01331329345703,9.671543375588953e-05,69.01321411132812,-26.227184295654297,36.258017069269705
