episode,loss_total,loss_phi(policy),loss_V(value),R,MAE_kW
1,0.0,0.0,0.0,-5.7566882049831465,36.44787922856903
2,0.0,0.0,0.0,-4.762073759892328,32.795545507997026
3,0.0,0.0,0.0,-3.6848758818178666,27.263826713147836
4,0.0,0.0,0.0,-4.531448221736074,31.784432835899906
5,0.0,0.0,0.0,-4.514492082220176,29.508569575871572
